{
    "accuracy_score": 0.8682677526362631,
    "precision_score": 0.33407275953859805,
    "recall_score": 0.0834718989025607,
    "f1_score": 0.133569844789357
}